{"products":[{"id":"0.11083252997888593","quantity":1}],"totalPrice":-0.009999999999999998}